{
  "project_info": {
    "project_number": "1029090175151",
    "firebase_url": "https://smart-cattle-database-default-rtdb.firebaseio.com",
    "project_id": "smart-cattle-database",
    "storage_bucket": "smart-cattle-database.firebasestorage.app"
  },
  "client": [
    {
      "client_info": {
        "mobilesdk_app_id": "1:1029090175151:android:7b68a080541001bfc90c5a",
        "android_client_info": {
          "package_name": "com.example.fyp"
        }
      },
      "oauth_client": [],
      "api_key": [
        {
          "current_key": "AIzaSyBYlITA5tV4Un3wL32-GzDc1P2t9WENSkE"
        }
      ],
      "services": {
        "appinvite_service": {
          "other_platform_oauth_client": []
        }
      }
    }
  ],
  "configuration_version": "1"
}